1,0,0,0,0,0.35,0.0865,0.707107,0,0.707107,0,0.15,-0.4,0.0575,1,0,0,0,0,0.49,0.0865,0,1,0,0,0,0,0,0,0,0,0,0,8.17785
1,0,0,0,0,0.35,0.0865,0.707107,0,0.707107,0,0.15,-0.4,0.0575,1,0,0,0,0,0.49,0.0865,0,1,0,0,2,0,0,0,0,0,0,0,191.178
1,0,0,0,0,0.35,0.0865,0.707107,0,0.707107,0,0.15,-0.4,0.0575,1,0,0,0,0,0.49,0.0865,0,1,0,0,2,0,0,0,0,0,3,0,201.902
1,0,0,0,0,0.35,0.0865,0.707107,0,0.707107,0,0.15,-0.4,0.0575,1,0,0,0,0,0.49,0.0865,0,0,0,0,1,0,0,0,0,0,0,0,183
1,0,0,0,0,0.35,0.0865,0.707107,0,0.707107,0,0.15,-0.4,0.0575,1,0,0,0,0,0.49,0.0865,0,0,0,0,1,0,0,0,0,0,2,0,193.724
1,0,0,0,0,0.35,0.0865,0.707107,0,0.707107,0,0.15,-0.4,0.0575,1,0,0,0,0,0.49,0.0865,0,0,0,0,0,0,0,0,0,0,1,0,10.7242
1,0,0,0,0,0.35,0.0865,0.707107,0,0.707107,0,0.15,-0.4,0.0575,1,0,0,0,0.4,0.25,0.0865,0,1,0,0,0,0,0,0,0,0,0,0,8.17785
1,0,0,0,0,0.35,0.0865,0.707107,0,0.707107,0,0.15,-0.4,0.0575,1,0,0,0,0.4,0.25,0.0865,0,1,5,0,2,6,0,8,4,0,3,7,56.0376
1,0,0,0,0,0.35,0.0865,0.707107,0,0.707107,0,0.15,-0.4,0.0575,1,0,0,0,0.4,0.25,0.0865,0,1,5,0,2,6,0,0,4,0,3,0,40.126
1,0,0,0,0,0.35,0.0865,0.707107,0,0.707107,0,0.15,-0.4,0.0575,1,0,0,0,0.4,0.25,0.0865,0,1,5,0,2,6,0,0,4,0,3,7,50.5782
1,0,0,0,0,0.35,0.0865,0.707107,0,0.707107,0,0.15,-0.4,0.0575,1,0,0,0,0.4,0.25,0.0865,0,1,5,0,2,0,0,0,4,0,3,0,36.2679
1,0,0,0,0,0.35,0.0865,0.707107,0,0.707107,0,0.15,-0.4,0.0575,1,0,0,0,0.4,0.25,0.0865,0,1,0,0,2,0,0,0,0,0,0,0,14.24
1,0,0,0,0,0.35,0.0865,0.707107,0,0.707107,0,0.15,-0.4,0.0575,1,0,0,0,0.4,0.25,0.0865,0,1,0,0,2,0,0,0,4,0,3,0,28.3235
1,0,0,0,0,0.35,0.0865,0.707107,0,0.707107,0,0.15,-0.4,0.0575,1,0,0,0,0.4,0.25,0.0865,0,1,0,0,2,0,0,0,0,0,3,0,24.424
1,0,0,0,0,0.35,0.0865,0.707107,0,0.707107,0,0.15,-0.4,0.0575,1,0,0,0,0.4,0.25,0.0865,0,2,0,0,3,0,0,0,1,0,0,0,197.301
1,0,0,0,0,0.35,0.0865,0.707107,0,0.707107,0,0.15,-0.4,0.0575,1,0,0,0,0.4,0.25,0.0865,0,2,0,0,3,0,0,0,1,0,4,0,208.026
1,0,0,0,0,0.35,0.0865,0.707107,0,0.707107,0,0.15,-0.4,0.0575,1,0,0,0,0.4,0.25,0.0865,0,2,0,0,0,0,0,0,1,0,0,0,14.3014
1,0,0,0,0,0.35,0.0865,0.707107,0,0.707107,0,0.15,-0.4,0.0575,1,0,0,0,0.4,0.25,0.0865,0,3,0,0,4,0,0,0,2,0,5,1,218.478
1,0,0,0,0,0.35,0.0865,0.707107,0,0.707107,0,0.15,-0.4,0.0575,1,0,0,0,0.4,0.25,0.0865,0,3,0,0,4,0,0,0,2,0,0,1,207.754
1,0,0,0,0,0.35,0.0865,0.707107,0,0.707107,0,0.15,-0.4,0.0575,1,0,0,0,0.4,0.25,0.0865,0,3,0,0,0,0,0,0,2,0,0,1,24.7535
1,0,0,0,0,0.35,0.0865,0.707107,0,0.707107,0,0.15,-0.4,0.0575,1,0,0,0,0.4,0.25,0.0865,0,4,0,0,5,1,0,0,3,0,6,2,222.175
1,0,0,0,0,0.35,0.0865,0.707107,0,0.707107,0,0.15,-0.4,0.0575,1,0,0,0,0.4,0.25,0.0865,0,4,0,0,5,1,0,0,3,0,0,2,211.451
1,0,0,0,0,0.35,0.0865,0.707107,0,0.707107,0,0.15,-0.4,0.0575,1,0,0,0,0.4,0.25,0.0865,0,4,0,0,0,1,0,0,3,0,0,2,28.4506
1,0,0,0,0,0.35,0.0865,0.707107,0,0.707107,0,0.15,-0.4,0.0575,1,0,0,0,0.4,0.25,0.0865,0,5,1,0,6,2,0,0,4,0,7,3,230.119
1,0,0,0,0,0.35,0.0865,0.707107,0,0.707107,0,0.15,-0.4,0.0575,1,0,0,0,0.4,0.25,0.0865,0,5,1,0,6,2,0,0,4,0,0,3,219.395
1,0,0,0,0,0.35,0.0865,0.707107,0,0.707107,0,0.15,-0.4,0.0575,1,0,0,0,0.4,0.25,0.0865,0,5,1,0,0,2,0,0,4,0,0,3,36.3951
1,0,0,0,0,0.35,0.0865,0.707107,0,0.707107,0,0.15,-0.4,0.0575,1,0,0,0,0.4,0.25,0.0865,0,0,1,0,0,0,0,0,0,0,0,0,7.94444
1,0,0,0,0,0.35,0.0865,0.707107,0,0.707107,0,0.15,-0.4,0.0575,1,0,0,0,0.4,0.25,0.0865,0,0,1,0,0,2,0,0,0,0,0,0,11.6416
1,0,0,0,0,0.35,0.0865,0.707107,0,0.707107,0,0.15,-0.4,0.0575,1,0,0,0,0.4,0.25,0.0865,0,0,1,0,0,2,0,0,4,0,0,3,28.2172
1,0,0,0,0,0.35,0.0865,0.707107,0,0.707107,0,0.15,-0.4,0.0575,1,0,0,0,0.4,0.25,0.0865,0,0,1,0,0,2,0,0,0,0,0,3,22.0937
1,0,0,0,0,0.35,0.0865,0.707107,0,0.707107,0,0.15,-0.4,0.0575,1,0,0,0,0.4,0.25,0.0865,0,0,2,0,0,3,0,5,1,0,0,4,31.6135
1,0,0,0,0,0.35,0.0865,0.707107,0,0.707107,0,0.15,-0.4,0.0575,1,0,0,0,0.4,0.25,0.0865,0,0,2,0,0,3,0,0,1,0,0,0,15.702
1,0,0,0,0,0.35,0.0865,0.707107,0,0.707107,0,0.15,-0.4,0.0575,1,0,0,0,0.4,0.25,0.0865,0,0,2,0,0,3,0,0,1,0,0,4,26.1542
1,0,0,0,0,0.35,0.0865,0.707107,0,0.707107,0,0.15,-0.4,0.0575,1,0,0,0,0.4,0.25,0.0865,0,0,2,0,0,0,0,0,1,0,0,0,11.8439
1,0,0,0,0,0.35,0.0865,0.707107,0,0.707107,0,0.15,-0.4,0.0575,1,0,0,0,0.4,0.25,0.0865,0,0,3,0,0,4,0,6,2,0,1,5,41.7976
1,0,0,0,0,0.35,0.0865,0.707107,0,0.707107,0,0.15,-0.4,0.0575,1,0,0,0,0.4,0.25,0.0865,0,0,3,0,0,4,0,0,2,0,1,0,25.886
1,0,0,0,0,0.35,0.0865,0.707107,0,0.707107,0,0.15,-0.4,0.0575,1,0,0,0,0.4,0.25,0.0865,0,0,3,0,0,4,0,0,2,0,1,5,36.3382
1,0,0,0,0,0.35,0.0865,0.707107,0,0.707107,0,0.15,-0.4,0.0575,1,0,0,0,0.4,0.25,0.0865,0,0,3,0,0,0,0,0,2,0,1,0,22.0279
1,0,0,0,0,0.35,0.0865,0.707107,0,0.707107,0,0.15,-0.4,0.0575,1,0,0,0,0.4,0.25,0.0865,0,0,4,0,1,5,0,7,3,0,2,6,47.8597
1,0,0,0,0,0.35,0.0865,0.707107,0,0.707107,0,0.15,-0.4,0.0575,1,0,0,0,0.4,0.25,0.0865,0,0,4,0,1,5,0,0,3,0,2,0,31.9482
1,0,0,0,0,0.35,0.0865,0.707107,0,0.707107,0,0.15,-0.4,0.0575,1,0,0,0,0.4,0.25,0.0865,0,0,4,0,1,5,0,0,3,0,2,6,42.4003
1,0,0,0,0,0.35,0.0865,0.707107,0,0.707107,0,0.15,-0.4,0.0575,1,0,0,0,0.4,0.25,0.0865,0,0,4,0,1,0,0,0,3,0,2,0,28.0901
1,0,0,0,0,0.35,0.0865,0.707107,0,0.707107,0,0.15,-0.4,0.0575,1,0,0,0,0.4,0.25,0.0865,0,0,0,0,1,0,0,0,0,0,0,0,6.06215
1,0,0,0,0,0.35,0.0865,0.707107,0,0.707107,0,0.15,-0.4,0.0575,1,0,0,0,0.4,0.25,0.0865,0,0,0,0,1,0,0,0,3,0,2,0,20.1456
1,0,0,0,0,0.35,0.0865,0.707107,0,0.707107,0,0.15,-0.4,0.0575,1,0,0,0,0.4,0.25,0.0865,0,0,0,0,1,0,0,0,0,0,2,0,16.2462
1,0,0,0,0,0.35,0.0865,0.707107,0,0.707107,0,0.15,-0.4,0.0575,1,0,0,0,0.4,0.25,0.0865,0,0,0,0,0,1,0,0,0,0,0,0,3.69713
1,0,0,0,0,0.35,0.0865,0.707107,0,0.707107,0,0.15,-0.4,0.0575,1,0,0,0,0.4,0.25,0.0865,0,0,0,0,0,1,0,0,3,0,0,2,20.2728
1,0,0,0,0,0.35,0.0865,0.707107,0,0.707107,0,0.15,-0.4,0.0575,1,0,0,0,0.4,0.25,0.0865,0,0,0,0,0,1,0,0,0,0,0,2,14.1493
1,0,0,0,0,0.35,0.0865,0.707107,0,0.707107,0,0.15,-0.4,0.0575,1,0,0,0,0.4,0.25,0.0865,0,0,0,0,0,0,0,0,1,0,0,0,6.1235
1,0,0,0,0,0.35,0.0865,0.707107,0,0.707107,0,0.15,-0.4,0.0575,1,0,0,0,0.4,0.25,0.0865,0,0,0,0,0,0,0,0,2,0,1,0,14.0835
1,0,0,0,0,0.35,0.0865,0.707107,0,0.707107,0,0.15,-0.4,0.0575,1,0,0,0,0.4,0.25,0.0865,0,0,0,0,0,0,0,0,2,0,0,1,16.5757
1,0,0,0,0,0.35,0.0865,0.707107,0,0.707107,0,0.15,-0.4,0.0575,1,0,0,0,0.4,0.25,0.0865,0,0,0,0,0,0,0,0,0,0,1,0,10.184
1,0,0,0,0,0.35,0.0865,0.707107,0,0.707107,0,0.15,-0.4,0.0575,1,0,0,0,0.4,0.25,0.0865,0,0,0,0,0,0,0,0,0,0,0,1,10.4522
1,0,0,0,0,0.35,0.0865,1,0,0,0,0,0.42,0.0865,1,0,0,0,0.4,0.25,0.0865,0,0,1,0,0,0,0,0,0,0,0,0,7.94444
1,0,0,0,0,0.35,0.0865,1,0,0,0,0,0.42,0.0865,1,0,0,0,0.4,0.25,0.0865,0,0,1,0,0,2,0,0,0,0,0,0,11.8026
1,0,0,0,0,0.35,0.0865,1,0,0,0,0,0.42,0.0865,1,0,0,0,0.4,0.25,0.0865,0,0,1,0,0,2,0,4,0,0,0,3,27.7141
1,0,0,0,0,0.35,0.0865,1,0,0,0,0,0.42,0.0865,1,0,0,0,0.4,0.25,0.0865,0,0,1,0,0,2,0,0,0,0,0,3,22.2547
1,0,0,0,0,0.35,0.0865,1,0,0,0,0,0.42,0.0865,1,0,0,0,0.4,0.25,0.0865,0,0,0,0,0,1,0,0,0,0,0,0,3.85812
1,0,0,0,0,0.35,0.0865,1,0,0,0,0,0.42,0.0865,1,0,0,0,0.4,0.25,0.0865,0,0,0,0,0,1,0,3,0,0,0,2,19.7696
1,0,0,0,0,0.35,0.0865,1,0,0,0,0,0.42,0.0865,1,0,0,0,0.4,0.25,0.0865,0,0,0,0,0,1,0,0,0,0,0,2,14.3103
1,0,0,0,0,0.35,0.0865,1,0,0,0,0,0.42,0.0865,1,0,0,0,0.4,0.25,0.0865,0,0,0,0,0,0,0,1,0,0,0,0,5.45937
1,0,0,0,0,0.35,0.0865,1,0,0,0,0,0.42,0.0865,1,0,0,0,0.4,0.25,0.0865,0,0,0,0,0,0,0,2,0,0,0,1,15.9115
1,0,0,0,0,0.35,0.0865,1,0,0,0,0,0.42,0.0865,1,0,0,0,0.4,0.25,0.0865,0,0,0,0,0,0,0,0,0,0,0,1,10.4522
1,0,0,0,0.15,-0.3,0.0865,0.707107,0,0.707107,0,0.15,-0.4,0.0575,1,0,0,0,0,0.49,0.0865,1,0,0,0,0,0,0,0,0,0,0,0,9.91975
1,0,0,0,0.15,-0.3,0.0865,0.707107,0,0.707107,0,0.15,-0.4,0.0575,1,0,0,0,0,0.49,0.0865,1,5,0,2,6,0,0,0,4,3,0,0,218.971
1,0,0,0,0.15,-0.3,0.0865,0.707107,0,0.707107,0,0.15,-0.4,0.0575,1,0,0,0,0,0.49,0.0865,1,5,0,2,6,0,0,0,4,3,7,0,229.695
1,0,0,0,0.15,-0.3,0.0865,0.707107,0,0.707107,0,0.15,-0.4,0.0575,1,0,0,0,0,0.49,0.0865,1,5,0,2,0,0,0,0,4,3,0,0,35.9711
1,0,0,0,0.15,-0.3,0.0865,0.707107,0,0.707107,0,0.15,-0.4,0.0575,1,0,0,0,0,0.49,0.0865,1,0,0,2,0,0,0,0,0,0,0,0,14.1477
1,0,0,0,0.15,-0.3,0.0865,0.707107,0,0.707107,0,0.15,-0.4,0.0575,1,0,0,0,0,0.49,0.0865,1,0,0,2,0,0,0,0,4,3,0,0,27.7933
1,0,0,0,0.15,-0.3,0.0865,0.707107,0,0.707107,0,0.15,-0.4,0.0575,1,0,0,0,0,0.49,0.0865,1,0,0,2,0,0,0,0,0,3,0,0,23.0489
1,0,0,0,0.15,-0.3,0.0865,0.707107,0,0.707107,0,0.15,-0.4,0.0575,1,0,0,0,0,0.49,0.0865,0,1,0,0,0,0,0,0,0,0,0,0,111
1,0,0,0,0.15,-0.3,0.0865,0.707107,0,0.707107,0,0.15,-0.4,0.0575,1,0,0,0,0,0.49,0.0865,0,2,0,0,3,0,0,0,1,0,0,0,195.922
1,0,0,0,0.15,-0.3,0.0865,0.707107,0,0.707107,0,0.15,-0.4,0.0575,1,0,0,0,0,0.49,0.0865,0,2,0,0,3,0,0,0,1,0,4,0,206.646
1,0,0,0,0.15,-0.3,0.0865,0.707107,0,0.707107,0,0.15,-0.4,0.0575,1,0,0,0,0,0.49,0.0865,0,2,0,0,0,0,0,0,1,0,0,0,12.9222
1,0,0,0,0.15,-0.3,0.0865,0.707107,0,0.707107,0,0.15,-0.4,0.0575,1,0,0,0,0,0.49,0.0865,0,3,0,0,4,0,0,0,2,1,0,0,204.823
1,0,0,0,0.15,-0.3,0.0865,0.707107,0,0.707107,0,0.15,-0.4,0.0575,1,0,0,0,0,0.49,0.0865,0,3,0,0,4,0,0,0,2,1,5,0,215.548
1,0,0,0,0.15,-0.3,0.0865,0.707107,0,0.707107,0,0.15,-0.4,0.0575,1,0,0,0,0,0.49,0.0865,0,3,0,0,0,0,0,0,2,1,0,0,21.8234
1,0,0,0,0.15,-0.3,0.0865,0.707107,0,0.707107,0,0.15,-0.4,0.0575,1,0,0,0,0,0.49,0.0865,0,4,0,1,5,0,0,0,3,2,0,0,209.051
1,0,0,0,0.15,-0.3,0.0865,0.707107,0,0.707107,0,0.15,-0.4,0.0575,1,0,0,0,0,0.49,0.0865,0,4,0,1,5,0,0,0,3,2,6,0,219.776
1,0,0,0,0.15,-0.3,0.0865,0.707107,0,0.707107,0,0.15,-0.4,0.0575,1,0,0,0,0,0.49,0.0865,0,4,0,1,0,0,0,0,3,2,0,0,26.0514
1,0,0,0,0.15,-0.3,0.0865,0.707107,0,0.707107,0,0.15,-0.4,0.0575,1,0,0,0,0,0.49,0.0865,0,0,0,1,0,0,0,0,0,0,0,0,4.22796
1,0,0,0,0.15,-0.3,0.0865,0.707107,0,0.707107,0,0.15,-0.4,0.0575,1,0,0,0,0,0.49,0.0865,0,0,0,1,0,0,0,0,3,2,0,0,17.8735
1,0,0,0,0.15,-0.3,0.0865,0.707107,0,0.707107,0,0.15,-0.4,0.0575,1,0,0,0,0,0.49,0.0865,0,0,0,1,0,0,0,0,0,2,0,0,13.1292
1,0,0,0,0.15,-0.3,0.0865,0.707107,0,0.707107,0,0.15,-0.4,0.0575,1,0,0,0,0,0.49,0.0865,0,0,0,0,0,0,0,0,1,0,0,0,4.74433
1,0,0,0,0.15,-0.3,0.0865,0.707107,0,0.707107,0,0.15,-0.4,0.0575,1,0,0,0,0,0.49,0.0865,0,0,0,0,0,0,0,0,2,1,0,0,13.6456
1,0,0,0,0.15,-0.3,0.0865,0.707107,0,0.707107,0,0.15,-0.4,0.0575,1,0,0,0,0,0.49,0.0865,0,0,0,0,0,0,0,0,0,1,0,0,8.90123
1,0,0,0,0.15,-0.3,0.0865,0.707107,0,0.707107,0,0.15,-0.4,0.0575,1,0,0,0,0.4,0.25,0.0865,1,0,0,0,0,0,0,0,0,0,0,0,9.91975
CAN1.qw,CAN1.qx,CAN1.qy,CAN1.qz,CAN1.x,CAN1.y,CAN1.z,CAN2.qw,CAN2.qx,CAN2.qy,CAN2.qz,CAN2.x,CAN2.y,CAN2.z,CAN3.qw,CAN3.qx,CAN3.qy,CAN3.qz,CAN3.x,CAN3.y,CAN3.z,GRASP_R_CAN1_MESSY-SPOT,GRASP_R_CAN2_MESSY-SPOT,GRASP_R_CAN3_MESSY-SPOT,TRANSFER_R_CAN1_MESSY-SPOT_TIDY-SPOT,TRANSFER_R_CAN2_MESSY-SPOT_TIDY-SPOT,TRANSFER_R_CAN3_MESSY-SPOT_TIDY-SPOT,TRANSIT_R_HOME_MESSY-SPOT,TRANSIT_R_TIDY-SPOT_HOME,TRANSIT_R_TIDY-SPOT_MESSY-SPOT,UNGRASP_R_CAN1_TIDY-SPOT,UNGRASP_R_CAN2_TIDY-SPOT,UNGRASP_R_CAN3_TIDY-SPOT,OUT
1,0,0,0,0.15,-0.3,0.0865,0.707107,0,0.707107,0,0.15,-0.4,0.0575,1,0,0,0,0.4,0.25,0.0865,1,5,9,2,6,10,0,12,8,3,7,11,82.8428
1,0,0,0,0.15,-0.3,0.0865,0.707107,0,0.707107,0,0.15,-0.4,0.0575,1,0,0,0,0.4,0.25,0.0865,1,5,9,2,6,10,0,0,8,3,7,0,66.9313
1,0,0,0,0.15,-0.3,0.0865,0.707107,0,0.707107,0,0.15,-0.4,0.0575,1,0,0,0,0.4,0.25,0.0865,1,5,9,2,6,10,0,0,8,3,7,11,77.3835
1,0,0,0,0.15,-0.3,0.0865,0.707107,0,0.707107,0,0.15,-0.4,0.0575,1,0,0,0,0.4,0.25,0.0865,1,5,9,2,6,0,0,0,8,3,7,0,63.0732
1,0,0,0,0.15,-0.3,0.0865,0.707107,0,0.707107,0,0.15,-0.4,0.0575,1,0,0,0,0.4,0.25,0.0865,1,5,0,2,6,0,0,0,4,3,0,0,41.0453
1,0,0,0,0.15,-0.3,0.0865,0.707107,0,0.707107,0,0.15,-0.4,0.0575,1,0,0,0,0.4,0.25,0.0865,1,5,0,2,6,0,0,0,4,3,7,0,51.2293
1,0,0,0,0.15,-0.3,0.0865,0.707107,0,0.707107,0,0.15,-0.4,0.0575,1,0,0,0,0.4,0.25,0.0865,1,5,0,2,6,0,0,0,8,3,7,0,55.1287
1,0,0,0,0.15,-0.3,0.0865,0.707107,0,0.707107,0,0.15,-0.4,0.0575,1,0,0,0,0.4,0.25,0.0865,1,5,0,2,0,0,0,0,4,3,0,0,34.9831
1,0,0,0,0.15,-0.3,0.0865,0.707107,0,0.707107,0,0.15,-0.4,0.0575,1,0,0,0,0.4,0.25,0.0865,1,9,5,2,10,6,0,0,8,3,11,7,259.119
1,0,0,0,0.15,-0.3,0.0865,0.707107,0,0.707107,0,0.15,-0.4,0.0575,1,0,0,0,0.4,0.25,0.0865,1,9,5,2,10,6,0,0,8,3,0,7,248.395
1,0,0,0,0.15,-0.3,0.0865,0.707107,0,0.707107,0,0.15,-0.4,0.0575,1,0,0,0,0.4,0.25,0.0865,1,9,5,2,0,6,0,0,8,3,0,7,65.3953
1,0,0,0,0.15,-0.3,0.0865,0.707107,0,0.707107,0,0.15,-0.4,0.0575,1,0,0,0,0.4,0.25,0.0865,1,0,5,2,0,6,0,0,4,3,0,0,40.6418
1,0,0,0,0.15,-0.3,0.0865,0.707107,0,0.707107,0,0.15,-0.4,0.0575,1,0,0,0,0.4,0.25,0.0865,1,0,5,2,0,6,0,0,4,3,0,7,51.0939
1,0,0,0,0.15,-0.3,0.0865,0.707107,0,0.707107,0,0.15,-0.4,0.0575,1,0,0,0,0.4,0.25,0.0865,1,0,5,2,0,6,0,0,8,3,0,7,57.2174
1,0,0,0,0.15,-0.3,0.0865,0.707107,0,0.707107,0,0.15,-0.4,0.0575,1,0,0,0,0.4,0.25,0.0865,1,0,5,2,0,0,0,0,4,3,0,0,36.9447
1,0,0,0,0.15,-0.3,0.0865,0.707107,0,0.707107,0,0.15,-0.4,0.0575,1,0,0,0,0.4,0.25,0.0865,1,0,0,2,0,0,0,0,0,0,0,0,14.0721
1,0,0,0,0.15,-0.3,0.0865,0.707107,0,0.707107,0,0.15,-0.4,0.0575,1,0,0,0,0.4,0.25,0.0865,1,0,0,2,0,0,0,0,4,3,0,0,29.0002
1,0,0,0,0.15,-0.3,0.0865,0.707107,0,0.707107,0,0.15,-0.4,0.0575,1,0,0,0,0.4,0.25,0.0865,1,0,0,2,0,0,0,0,0,3,0,0,22.4872
1,0,0,0,0.15,-0.3,0.0865,0.707107,0,0.707107,0,0.15,-0.4,0.0575,1,0,0,0,0.4,0.25,0.0865,2,6,10,3,7,11,1,13,9,4,8,12,87.1596
1,0,0,0,0.15,-0.3,0.0865,0.707107,0,0.707107,0,0.15,-0.4,0.0575,1,0,0,0,0.4,0.25,0.0865,2,6,10,3,7,11,1,0,9,4,8,0,71.2481
1,0,0,0,0.15,-0.3,0.0865,0.707107,0,0.707107,0,0.15,-0.4,0.0575,1,0,0,0,0.4,0.25,0.0865,2,6,10,3,7,11,1,0,9,4,8,12,81.7002
1,0,0,0,0.15,-0.3,0.0865,0.707107,0,0.707107,0,0.15,-0.4,0.0575,1,0,0,0,0.4,0.25,0.0865,2,6,10,3,7,0,1,0,9,4,8,0,67.39
1,0,0,0,0.15,-0.3,0.0865,0.707107,0,0.707107,0,0.15,-0.4,0.0575,1,0,0,0,0.4,0.25,0.0865,2,6,0,3,7,0,1,0,5,4,0,0,45.362
1,0,0,0,0.15,-0.3,0.0865,0.707107,0,0.707107,0,0.15,-0.4,0.0575,1,0,0,0,0.4,0.25,0.0865,2,6,0,3,7,0,1,0,5,4,8,0,55.5461
1,0,0,0,0.15,-0.3,0.0865,0.707107,0,0.707107,0,0.15,-0.4,0.0575,1,0,0,0,0.4,0.25,0.0865,2,6,0,3,7,0,1,0,9,4,8,0,59.4455
1,0,0,0,0.15,-0.3,0.0865,0.707107,0,0.707107,0,0.15,-0.4,0.0575,1,0,0,0,0.4,0.25,0.0865,2,6,0,3,7,0,0,0,5,4,0,0,224.783
1,0,0,0,0.15,-0.3,0.0865,0.707107,0,0.707107,0,0.15,-0.4,0.0575,1,0,0,0,0.4,0.25,0.0865,2,6,0,3,7,0,0,0,5,4,8,0,235.507
1,0,0,0,0.15,-0.3,0.0865,0.707107,0,0.707107,0,0.15,-0.4,0.0575,1,0,0,0,0.4,0.25,0.0865,2,6,0,3,0,0,1,0,5,4,0,0,39.2999
1,0,0,0,0.15,-0.3,0.0865,0.707107,0,0.707107,0,0.15,-0.4,0.0575,1,0,0,0,0.4,0.25,0.0865,2,6,0,3,0,0,0,0,5,4,0,0,41.7828
1,0,0,0,0.15,-0.3,0.0865,0.707107,0,0.707107,0,0.15,-0.4,0.0575,1,0,0,0,0.4,0.25,0.0865,2,10,6,3,11,7,1,0,9,4,12,8,263.436
1,0,0,0,0.15,-0.3,0.0865,0.707107,0,0.707107,0,0.15,-0.4,0.0575,1,0,0,0,0.4,0.25,0.0865,2,10,6,3,11,7,1,0,9,4,0,8,252.712
1,0,0,0,0.15,-0.3,0.0865,0.707107,0,0.707107,0,0.15,-0.4,0.0575,1,0,0,0,0.4,0.25,0.0865,2,10,6,3,0,7,1,0,9,4,0,8,69.7121
1,0,0,0,0.15,-0.3,0.0865,0.707107,0,0.707107,0,0.15,-0.4,0.0575,1,0,0,0,0.4,0.25,0.0865,2,0,6,3,0,7,1,0,5,4,0,0,44.9585
1,0,0,0,0.15,-0.3,0.0865,0.707107,0,0.707107,0,0.15,-0.4,0.0575,1,0,0,0,0.4,0.25,0.0865,2,0,6,3,0,7,1,0,5,4,0,8,55.4107
1,0,0,0,0.15,-0.3,0.0865,0.707107,0,0.707107,0,0.15,-0.4,0.0575,1,0,0,0,0.4,0.25,0.0865,2,0,6,3,0,7,1,0,9,4,0,8,61.5342
1,0,0,0,0.15,-0.3,0.0865,0.707107,0,0.707107,0,0.15,-0.4,0.0575,1,0,0,0,0.4,0.25,0.0865,2,0,6,3,0,0,1,0,5,4,0,0,41.2614
1,0,0,0,0.15,-0.3,0.0865,0.707107,0,0.707107,0,0.15,-0.4,0.0575,1,0,0,0,0.4,0.25,0.0865,2,0,0,3,0,0,1,0,0,0,0,0,18.3889
1,0,0,0,0.15,-0.3,0.0865,0.707107,0,0.707107,0,0.15,-0.4,0.0575,1,0,0,0,0.4,0.25,0.0865,2,0,0,3,0,0,1,0,5,4,0,0,33.317
1,0,0,0,0.15,-0.3,0.0865,0.707107,0,0.707107,0,0.15,-0.4,0.0575,1,0,0,0,0.4,0.25,0.0865,2,0,0,3,0,0,1,0,0,4,0,0,26.804
1,0,0,0,0.15,-0.3,0.0865,0.707107,0,0.707107,0,0.15,-0.4,0.0575,1,0,0,0,0.4,0.25,0.0865,2,0,0,3,0,0,0,0,1,0,0,0,19.9594
1,0,0,0,0.15,-0.3,0.0865,0.707107,0,0.707107,0,0.15,-0.4,0.0575,1,0,0,0,0.4,0.25,0.0865,2,0,0,3,0,0,0,0,1,4,0,0,28.8606
1,0,0,0,0.15,-0.3,0.0865,0.707107,0,0.707107,0,0.15,-0.4,0.0575,1,0,0,0,0.4,0.25,0.0865,2,0,0,3,0,0,0,0,5,4,0,0,33.605
1,0,0,0,0.15,-0.3,0.0865,0.707107,0,0.707107,0,0.15,-0.4,0.0575,1,0,0,0,0.4,0.25,0.0865,2,0,0,0,0,0,1,0,0,0,0,0,14.2365
1,0,0,0,0.15,-0.3,0.0865,0.707107,0,0.707107,0,0.15,-0.4,0.0575,1,0,0,0,0.4,0.25,0.0865,2,0,0,0,0,0,0,0,1,0,0,0,15.7314
1,0,0,0,0.15,-0.3,0.0865,0.707107,0,0.707107,0,0.15,-0.4,0.0575,1,0,0,0,0.4,0.25,0.0865,3,7,0,4,8,0,0,0,6,5,9,1,245.691
1,0,0,0,0.15,-0.3,0.0865,0.707107,0,0.707107,0,0.15,-0.4,0.0575,1,0,0,0,0.4,0.25,0.0865,3,7,0,4,8,0,0,0,6,5,0,1,234.967
1,0,0,0,0.15,-0.3,0.0865,0.707107,0,0.707107,0,0.15,-0.4,0.0575,1,0,0,0,0.4,0.25,0.0865,3,7,0,4,0,0,0,0,6,5,0,1,51.9668
1,0,0,0,0.15,-0.3,0.0865,0.707107,0,0.707107,0,0.15,-0.4,0.0575,1,0,0,0,0.4,0.25,0.0865,3,0,0,4,0,0,0,0,2,5,0,1,39.0447
1,0,0,0,0.15,-0.3,0.0865,0.707107,0,0.707107,0,0.15,-0.4,0.0575,1,0,0,0,0.4,0.25,0.0865,3,0,0,4,0,0,0,0,2,0,0,1,30.1434
1,0,0,0,0.15,-0.3,0.0865,0.707107,0,0.707107,0,0.15,-0.4,0.0575,1,0,0,0,0.4,0.25,0.0865,3,0,0,4,0,0,0,0,6,5,0,1,43.789
1,0,0,0,0.15,-0.3,0.0865,0.707107,0,0.707107,0,0.15,-0.4,0.0575,1,0,0,0,0.4,0.25,0.0865,3,0,0,0,0,0,0,0,2,0,0,1,25.9155
1,0,0,0,0.15,-0.3,0.0865,0.707107,0,0.707107,0,0.15,-0.4,0.0575,1,0,0,0,0.4,0.25,0.0865,4,8,0,5,9,1,0,0,7,6,10,2,250.56
1,0,0,0,0.15,-0.3,0.0865,0.707107,0,0.707107,0,0.15,-0.4,0.0575,1,0,0,0,0.4,0.25,0.0865,4,8,0,5,9,1,0,0,7,6,0,2,239.836
1,0,0,0,0.15,-0.3,0.0865,0.707107,0,0.707107,0,0.15,-0.4,0.0575,1,0,0,0,0.4,0.25,0.0865,4,8,0,5,0,1,0,0,7,6,0,2,56.8358
1,0,0,0,0.15,-0.3,0.0865,0.707107,0,0.707107,0,0.15,-0.4,0.0575,1,0,0,0,0.4,0.25,0.0865,4,0,0,5,0,1,0,0,3,6,0,2,43.9137
1,0,0,0,0.15,-0.3,0.0865,0.707107,0,0.707107,0,0.15,-0.4,0.0575,1,0,0,0,0.4,0.25,0.0865,4,0,0,5,0,1,0,0,3,0,0,2,35.0124
1,0,0,0,0.15,-0.3,0.0865,0.707107,0,0.707107,0,0.15,-0.4,0.0575,1,0,0,0,0.4,0.25,0.0865,4,0,0,5,0,1,0,0,7,6,0,2,48.658
1,0,0,0,0.15,-0.3,0.0865,0.707107,0,0.707107,0,0.15,-0.4,0.0575,1,0,0,0,0.4,0.25,0.0865,4,0,0,0,0,1,0,0,3,0,0,2,30.7845
1,0,0,0,0.15,-0.3,0.0865,0.707107,0,0.707107,0,0.15,-0.4,0.0575,1,0,0,0,0.4,0.25,0.0865,5,9,1,6,10,2,0,0,8,7,11,3,258.504
1,0,0,0,0.15,-0.3,0.0865,0.707107,0,0.707107,0,0.15,-0.4,0.0575,1,0,0,0,0.4,0.25,0.0865,5,9,1,6,10,2,0,0,8,7,0,3,247.78
1,0,0,0,0.15,-0.3,0.0865,0.707107,0,0.707107,0,0.15,-0.4,0.0575,1,0,0,0,0.4,0.25,0.0865,5,9,1,6,0,2,0,0,8,7,0,3,64.7803
1,0,0,0,0.15,-0.3,0.0865,0.707107,0,0.707107,0,0.15,-0.4,0.0575,1,0,0,0,0.4,0.25,0.0865,5,0,1,6,0,2,0,0,4,7,0,3,51.8581
1,0,0,0,0.15,-0.3,0.0865,0.707107,0,0.707107,0,0.15,-0.4,0.0575,1,0,0,0,0.4,0.25,0.0865,5,0,1,6,0,2,0,0,4,0,0,3,42.9569
1,0,0,0,0.15,-0.3,0.0865,0.707107,0,0.707107,0,0.15,-0.4,0.0575,1,0,0,0,0.4,0.25,0.0865,5,0,1,6,0,2,0,0,8,7,0,3,56.6024
1,0,0,0,0.15,-0.3,0.0865,0.707107,0,0.707107,0,0.15,-0.4,0.0575,1,0,0,0,0.4,0.25,0.0865,5,0,1,0,0,2,0,0,4,0,0,3,38.7289
1,0,0,0,0.15,-0.3,0.0865,0.707107,0,0.707107,0,0.15,-0.4,0.0575,1,0,0,0,0.4,0.25,0.0865,6,10,2,7,11,3,1,0,9,8,12,4,263.496
1,0,0,0,0.15,-0.3,0.0865,0.707107,0,0.707107,0,0.15,-0.4,0.0575,1,0,0,0,0.4,0.25,0.0865,6,10,2,7,11,3,1,0,9,8,0,4,252.772
1,0,0,0,0.15,-0.3,0.0865,0.707107,0,0.707107,0,0.15,-0.4,0.0575,1,0,0,0,0.4,0.25,0.0865,6,10,2,7,0,3,1,0,9,8,0,4,69.7723
1,0,0,0,0.15,-0.3,0.0865,0.707107,0,0.707107,0,0.15,-0.4,0.0575,1,0,0,0,0.4,0.25,0.0865,6,0,2,7,0,3,1,0,5,8,0,4,56.8501
1,0,0,0,0.15,-0.3,0.0865,0.707107,0,0.707107,0,0.15,-0.4,0.0575,1,0,0,0,0.4,0.25,0.0865,6,0,2,7,0,3,1,0,5,0,0,4,47.9489
1,0,0,0,0.15,-0.3,0.0865,0.707107,0,0.707107,0,0.15,-0.4,0.0575,1,0,0,0,0.4,0.25,0.0865,6,0,2,7,0,3,1,0,9,8,0,4,61.5945
1,0,0,0,0.15,-0.3,0.0865,0.707107,0,0.707107,0,0.15,-0.4,0.0575,1,0,0,0,0.4,0.25,0.0865,6,0,2,0,0,3,1,0,5,0,0,4,43.7209
1,0,0,0,0.15,-0.3,0.0865,0.707107,0,0.707107,0,0.15,-0.4,0.0575,1,0,0,0,0.4,0.25,0.0865,0,1,0,0,0,0,0,0,0,0,0,0,111
1,0,0,0,0.15,-0.3,0.0865,0.707107,0,0.707107,0,0.15,-0.4,0.0575,1,0,0,0,0.4,0.25,0.0865,0,2,6,0,3,7,0,9,5,0,4,8,60.3556
1,0,0,0,0.15,-0.3,0.0865,0.707107,0,0.707107,0,0.15,-0.4,0.0575,1,0,0,0,0.4,0.25,0.0865,0,2,6,0,3,7,0,0,5,0,4,0,44.4441
1,0,0,0,0.15,-0.3,0.0865,0.707107,0,0.707107,0,0.15,-0.4,0.0575,1,0,0,0,0.4,0.25,0.0865,0,2,6,0,3,7,0,0,5,0,4,8,54.8962
1,0,0,0,0.15,-0.3,0.0865,0.707107,0,0.707107,0,0.15,-0.4,0.0575,1,0,0,0,0.4,0.25,0.0865,0,2,6,0,3,0,0,0,5,0,4,0,40.5859
1,0,0,0,0.15,-0.3,0.0865,0.707107,0,0.707107,0,0.15,-0.4,0.0575,1,0,0,0,0.4,0.25,0.0865,0,2,0,0,3,0,0,0,1,0,0,0,18.558
1,0,0,0,0.15,-0.3,0.0865,0.707107,0,0.707107,0,0.15,-0.4,0.0575,1,0,0,0,0.4,0.25,0.0865,0,2,0,0,3,0,0,0,1,0,4,0,28.7421
1,0,0,0,0.15,-0.3,0.0865,0.707107,0,0.707107,0,0.15,-0.4,0.0575,1,0,0,0,0.4,0.25,0.0865,0,2,0,0,3,0,0,0,5,0,4,0,32.6415
1,0,0,0,0.15,-0.3,0.0865,0.707107,0,0.707107,0,0.15,-0.4,0.0575,1,0,0,0,0.4,0.25,0.0865,0,2,0,0,0,0,1,0,0,0,0,0,274
1,0,0,0,0.15,-0.3,0.0865,0.707107,0,0.707107,0,0.15,-0.4,0.0575,1,0,0,0,0.4,0.25,0.0865,0,2,0,0,0,0,0,0,1,0,0,0,274
1,0,0,0,0.15,-0.3,0.0865,0.707107,0,0.707107,0,0.15,-0.4,0.0575,1,0,0,0,0.4,0.25,0.0865,0,3,7,0,4,8,0,10,6,1,5,9,68.7707
1,0,0,0,0.15,-0.3,0.0865,0.707107,0,0.707107,0,0.15,-0.4,0.0575,1,0,0,0,0.4,0.25,0.0865,0,3,7,0,4,8,0,0,6,1,5,0,52.8592
1,0,0,0,0.15,-0.3,0.0865,0.707107,0,0.707107,0,0.15,-0.4,0.0575,1,0,0,0,0.4,0.25,0.0865,0,3,7,0,4,8,0,0,6,1,5,9,63.3113
1,0,0,0,0.15,-0.3,0.0865,0.707107,0,0.707107,0,0.15,-0.4,0.0575,1,0,0,0,0.4,0.25,0.0865,0,3,7,0,4,0,0,0,6,1,5,0,49.0011
1,0,0,0,0.15,-0.3,0.0865,0.707107,0,0.707107,0,0.15,-0.4,0.0575,1,0,0,0,0.4,0.25,0.0865,0,3,0,0,4,0,0,0,2,1,0,0,26.9732
1,0,0,0,0.15,-0.3,0.0865,0.707107,0,0.707107,0,0.15,-0.4,0.0575,1,0,0,0,0.4,0.25,0.0865,0,3,0,0,4,0,0,0,2,1,5,0,37.1572
1,0,0,0,0.15,-0.3,0.0865,0.707107,0,0.707107,0,0.15,-0.4,0.0575,1,0,0,0,0.4,0.25,0.0865,0,3,0,0,4,0,0,0,6,1,5,0,41.0566
1,0,0,0,0.15,-0.3,0.0865,0.707107,0,0.707107,0,0.15,-0.4,0.0575,1,0,0,0,0.4,0.25,0.0865,0,3,0,0,0,0,0,0,2,1,0,0,20.911
1,0,0,0,0.15,-0.3,0.0865,0.707107,0,0.707107,0,0.15,-0.4,0.0575,1,0,0,0,0.4,0.25,0.0865,0,3,0,0,0,0,0,0,2,0,0,1,284.184
1,0,0,0,0.15,-0.3,0.0865,0.707107,0,0.707107,0,0.15,-0.4,0.0575,1,0,0,0,0.4,0.25,0.0865,0,4,8,1,5,9,0,11,7,2,6,10,72.9231
1,0,0,0,0.15,-0.3,0.0865,0.707107,0,0.707107,0,0.15,-0.4,0.0575,1,0,0,0,0.4,0.25,0.0865,0,4,8,1,5,9,0,0,7,2,6,0,57.0116
1,0,0,0,0.15,-0.3,0.0865,0.707107,0,0.707107,0,0.15,-0.4,0.0575,1,0,0,0,0.4,0.25,0.0865,0,4,8,1,5,9,0,0,7,2,6,10,67.4637
1,0,0,0,0.15,-0.3,0.0865,0.707107,0,0.707107,0,0.15,-0.4,0.0575,1,0,0,0,0.4,0.25,0.0865,0,4,8,1,5,0,0,0,7,2,6,0,53.1534
1,0,0,0,0.15,-0.3,0.0865,0.707107,0,0.707107,0,0.15,-0.4,0.0575,1,0,0,0,0.4,0.25,0.0865,0,4,0,1,5,0,0,0,3,2,0,0,31.1255
1,0,0,0,0.15,-0.3,0.0865,0.707107,0,0.707107,0,0.15,-0.4,0.0575,1,0,0,0,0.4,0.25,0.0865,0,4,0,1,5,0,0,0,3,2,6,0,41.3095
1,0,0,0,0.15,-0.3,0.0865,0.707107,0,0.707107,0,0.15,-0.4,0.0575,1,0,0,0,0.4,0.25,0.0865,0,4,0,1,5,0,0,0,7,2,6,0,45.209
1,0,0,0,0.15,-0.3,0.0865,0.707107,0,0.707107,0,0.15,-0.4,0.0575,1,0,0,0,0.4,0.25,0.0865,0,4,0,1,0,0,0,0,3,2,0,0,25.0634
1,0,0,0,0.15,-0.3,0.0865,0.707107,0,0.707107,0,0.15,-0.4,0.0575,1,0,0,0,0.4,0.25,0.0865,0,4,0,0,0,1,0,0,3,0,0,2,289.053
1,0,0,0,0.15,-0.3,0.0865,0.707107,0,0.707107,0,0.15,-0.4,0.0575,1,0,0,0,0.4,0.25,0.0865,0,5,1,0,0,2,0,0,4,0,0,3,296.997
1,0,0,0,0.15,-0.3,0.0865,0.707107,0,0.707107,0,0.15,-0.4,0.0575,1,0,0,0,0.4,0.25,0.0865,0,6,2,0,7,3,0,0,5,0,8,4,236.632
1,0,0,0,0.15,-0.3,0.0865,0.707107,0,0.707107,0,0.15,-0.4,0.0575,1,0,0,0,0.4,0.25,0.0865,0,6,2,0,7,3,0,0,5,0,0,4,225.908
1,0,0,0,0.15,-0.3,0.0865,0.707107,0,0.707107,0,0.15,-0.4,0.0575,1,0,0,0,0.4,0.25,0.0865,0,6,2,0,0,3,1,0,5,0,0,4,301.99
1,0,0,0,0.15,-0.3,0.0865,0.707107,0,0.707107,0,0.15,-0.4,0.0575,1,0,0,0,0.4,0.25,0.0865,0,6,2,0,0,3,0,0,5,0,0,4,42.9081
1,0,0,0,0.15,-0.3,0.0865,0.707107,0,0.707107,0,0.15,-0.4,0.0575,1,0,0,0,0.4,0.25,0.0865,0,7,3,0,8,4,0,0,6,1,9,5,245.047
1,0,0,0,0.15,-0.3,0.0865,0.707107,0,0.707107,0,0.15,-0.4,0.0575,1,0,0,0,0.4,0.25,0.0865,0,7,3,0,8,4,0,0,6,1,0,5,234.323
1,0,0,0,0.15,-0.3,0.0865,0.707107,0,0.707107,0,0.15,-0.4,0.0575,1,0,0,0,0.4,0.25,0.0865,0,7,3,0,0,4,0,0,6,1,0,5,51.3232
1,0,0,0,0.15,-0.3,0.0865,0.707107,0,0.707107,0,0.15,-0.4,0.0575,1,0,0,0,0.4,0.25,0.0865,0,8,4,1,9,5,0,0,7,2,10,6,249.2
1,0,0,0,0.15,-0.3,0.0865,0.707107,0,0.707107,0,0.15,-0.4,0.0575,1,0,0,0,0.4,0.25,0.0865,0,8,4,1,9,5,0,0,7,2,0,6,238.476
1,0,0,0,0.15,-0.3,0.0865,0.707107,0,0.707107,0,0.15,-0.4,0.0575,1,0,0,0,0.4,0.25,0.0865,0,8,4,1,0,5,0,0,7,2,0,6,55.4755
1,0,0,0,0.15,-0.3,0.0865,0.707107,0,0.707107,0,0.15,-0.4,0.0575,1,0,0,0,0.4,0.25,0.0865,0,0,1,0,0,0,0,0,0,0,0,0,7.94444
1,0,0,0,0.15,-0.3,0.0865,0.707107,0,0.707107,0,0.15,-0.4,0.0575,1,0,0,0,0.4,0.25,0.0865,0,0,1,0,0,2,0,0,0,0,0,0,12.8134
1,0,0,0,0.15,-0.3,0.0865,0.707107,0,0.707107,0,0.15,-0.4,0.0575,1,0,0,0,0.4,0.25,0.0865,0,0,1,0,0,2,0,0,4,0,0,3,185.997
1,0,0,0,0.15,-0.3,0.0865,0.707107,0,0.707107,0,0.15,-0.4,0.0575,1,0,0,0,0.4,0.25,0.0865,0,0,1,0,0,2,0,0,0,0,0,3,22.9975
1,0,0,0,0.15,-0.3,0.0865,0.707107,0,0.707107,0,0.15,-0.4,0.0575,1,0,0,0,0.4,0.25,0.0865,0,0,2,0,0,3,1,0,0,0,0,0,17.8055
1,0,0,0,0.15,-0.3,0.0865,0.707107,0,0.707107,0,0.15,-0.4,0.0575,1,0,0,0,0.4,0.25,0.0865,0,0,2,0,0,3,1,0,5,0,0,4,190.99
1,0,0,0,0.15,-0.3,0.0865,0.707107,0,0.707107,0,0.15,-0.4,0.0575,1,0,0,0,0.4,0.25,0.0865,0,0,2,0,0,3,1,0,0,0,0,4,27.9895
1,0,0,0,0.15,-0.3,0.0865,0.707107,0,0.707107,0,0.15,-0.4,0.0575,1,0,0,0,0.4,0.25,0.0865,0,0,2,0,0,3,0,0,1,0,0,0,18.1545
1,0,0,0,0.15,-0.3,0.0865,0.707107,0,0.707107,0,0.15,-0.4,0.0575,1,0,0,0,0.4,0.25,0.0865,0,0,2,0,0,3,0,0,1,0,0,4,28.6067
1,0,0,0,0.15,-0.3,0.0865,0.707107,0,0.707107,0,0.15,-0.4,0.0575,1,0,0,0,0.4,0.25,0.0865,0,0,2,0,0,3,0,0,5,0,0,4,34.7302
1,0,0,0,0.15,-0.3,0.0865,0.707107,0,0.707107,0,0.15,-0.4,0.0575,1,0,0,0,0.4,0.25,0.0865,0,0,2,0,0,0,1,0,0,0,0,0,12.9365
1,0,0,0,0.15,-0.3,0.0865,0.707107,0,0.707107,0,0.15,-0.4,0.0575,1,0,0,0,0.4,0.25,0.0865,0,0,2,0,0,0,0,0,1,0,0,0,14.4574
1,0,0,0,0.15,-0.3,0.0865,0.707107,0,0.707107,0,0.15,-0.4,0.0575,1,0,0,0,0.4,0.25,0.0865,0,0,3,0,0,4,0,0,2,1,0,0,26.5697
1,0,0,0,0.15,-0.3,0.0865,0.707107,0,0.707107,0,0.15,-0.4,0.0575,1,0,0,0,0.4,0.25,0.0865,0,0,3,0,0,4,0,0,2,1,0,5,37.0218
1,0,0,0,0.15,-0.3,0.0865,0.707107,0,0.707107,0,0.15,-0.4,0.0575,1,0,0,0,0.4,0.25,0.0865,0,0,3,0,0,4,0,0,6,1,0,5,43.1453
1,0,0,0,0.15,-0.3,0.0865,0.707107,0,0.707107,0,0.15,-0.4,0.0575,1,0,0,0,0.4,0.25,0.0865,0,0,3,0,0,0,0,0,2,1,0,0,22.8725
1,0,0,0,0.15,-0.3,0.0865,0.707107,0,0.707107,0,0.15,-0.4,0.0575,1,0,0,0,0.4,0.25,0.0865,0,0,4,1,0,5,0,0,3,2,0,0,30.722
1,0,0,0,0.15,-0.3,0.0865,0.707107,0,0.707107,0,0.15,-0.4,0.0575,1,0,0,0,0.4,0.25,0.0865,0,0,4,1,0,5,0,0,3,2,0,6,41.1742
1,0,0,0,0.15,-0.3,0.0865,0.707107,0,0.707107,0,0.15,-0.4,0.0575,1,0,0,0,0.4,0.25,0.0865,0,0,4,1,0,5,0,0,7,2,0,6,47.2977
1,0,0,0,0.15,-0.3,0.0865,0.707107,0,0.707107,0,0.15,-0.4,0.0575,1,0,0,0,0.4,0.25,0.0865,0,0,4,1,0,0,0,0,3,2,0,0,27.0249
1,0,0,0,0.15,-0.3,0.0865,0.707107,0,0.707107,0,0.15,-0.4,0.0575,1,0,0,0,0.4,0.25,0.0865,0,0,0,1,0,0,0,0,0,0,0,0,4.15236
1,0,0,0,0.15,-0.3,0.0865,0.707107,0,0.707107,0,0.15,-0.4,0.0575,1,0,0,0,0.4,0.25,0.0865,0,0,0,1,0,0,0,0,3,2,0,0,19.0805
1,0,0,0,0.15,-0.3,0.0865,0.707107,0,0.707107,0,0.15,-0.4,0.0575,1,0,0,0,0.4,0.25,0.0865,0,0,0,1,0,0,0,0,0,2,0,0,12.5675
1,0,0,0,0.15,-0.3,0.0865,0.707107,0,0.707107,0,0.15,-0.4,0.0575,1,0,0,0,0.4,0.25,0.0865,0,0,0,0,0,1,0,0,0,0,0,0,4.869
1,0,0,0,0.15,-0.3,0.0865,0.707107,0,0.707107,0,0.15,-0.4,0.0575,1,0,0,0,0.4,0.25,0.0865,0,0,0,0,0,1,0,0,3,0,0,2,178.053
1,0,0,0,0.15,-0.3,0.0865,0.707107,0,0.707107,0,0.15,-0.4,0.0575,1,0,0,0,0.4,0.25,0.0865,0,0,0,0,0,1,0,0,0,0,0,2,15.053
1,0,0,0,0.15,-0.3,0.0865,0.707107,0,0.707107,0,0.15,-0.4,0.0575,1,0,0,0,0.4,0.25,0.0865,0,0,0,0,0,0,1,0,0,0,0,0,4.99204
1,0,0,0,0.15,-0.3,0.0865,0.707107,0,0.707107,0,0.15,-0.4,0.0575,1,0,0,0,0.4,0.25,0.0865,0,0,0,0,0,0,0,0,1,0,0,0,163
1,0,0,0,0.15,-0.3,0.0865,0.707107,0,0.707107,0,0.15,-0.4,0.0575,1,0,0,0,0.4,0.25,0.0865,0,0,0,0,0,0,0,0,2,1,0,0,14.9281
1,0,0,0,0.15,-0.3,0.0865,0.707107,0,0.707107,0,0.15,-0.4,0.0575,1,0,0,0,0.4,0.25,0.0865,0,0,0,0,0,0,0,0,2,0,0,1,173.184
1,0,0,0,0.15,-0.3,0.0865,0.707107,0,0.707107,0,0.15,-0.4,0.0575,1,0,0,0,0.4,0.25,0.0865,0,0,0,0,0,0,0,0,0,1,0,0,8.41512
1,0,0,0,0.15,-0.3,0.0865,0.707107,0,0.707107,0,0.15,-0.4,0.0575,1,0,0,0,0.4,0.25,0.0865,0,0,0,0,0,0,0,0,0,0,0,1,10.184
